username,password
testuserc2c1,testuserc2c1
testuserc2c2,testuserc2c2
testuserc2c3,testuserc2c3
testuserc2c4,testuserc2c4
testuserc2c5,testuserc2c5
testuserc2c6,testuserc2c6
testuserc2c7,testuserc2c7
testuserc2c8,testuserc2c8
testuserc2c9,testuserc2c9
testuserc2c10,testuserc2c10
testuserc2c11,testuserc2c11
testuserc2c12,testuserc2c12
testuserc2c13,testuserc2c13
testuserc2c14,testuserc2c14
testuserc2c15,testuserc2c15
testuserc2c16,testuserc2c16
testuserc2c17,testuserc2c17
testuserc2c18,testuserc2c18
testuserc2c19,testuserc2c19
testuserc2c20,testuserc2c20
testuserc2c21,testuserc2c21
testuserc2c22,testuserc2c22
testuserc2c23,testuserc2c23
testuserc2c24,testuserc2c24
testuserc2c25,testuserc2c25
testuserc2c26,testuserc2c26
testuserc2c27,testuserc2c27
testuserc2c28,testuserc2c28
testuserc2c29,testuserc2c29
testuserc2c30,testuserc2c30
testuserc2c31,testuserc2c31
testuserc2c32,testuserc2c32
testuserc2c33,testuserc2c33
testuserc2c34,testuserc2c34
testuserc2c35,testuserc2c35
testuserc2c36,testuserc2c36
testuserc2c37,testuserc2c37
testuserc2c38,testuserc2c38
testuserc2c39,testuserc2c39
testuserc2c40,testuserc2c40
testuserc2c41,testuserc2c41
testuserc2c42,testuserc2c42
testuserc2c43,testuserc2c43
testuserc2c44,testuserc2c44
testuserc2c45,testuserc2c45
testuserc2c46,testuserc2c46
testuserc2c47,testuserc2c47
testuserc2c48,testuserc2c48
testuserc2c49,testuserc2c49
testuserc2c50,testuserc2c50
testuserc2c51,testuserc2c51
testuserc2c52,testuserc2c52
testuserc2c53,testuserc2c53
testuserc2c54,testuserc2c54
testuserc2c55,testuserc2c55
testuserc2c56,testuserc2c56
testuserc2c57,testuserc2c57
testuserc2c58,testuserc2c58
testuserc2c59,testuserc2c59
testuserc2c60,testuserc2c60
testuserc2c61,testuserc2c61
testuserc2c62,testuserc2c62
testuserc2c63,testuserc2c63
testuserc2c64,testuserc2c64
testuserc2c65,testuserc2c65
testuserc2c66,testuserc2c66
testuserc2c67,testuserc2c67
testuserc2c68,testuserc2c68
testuserc2c69,testuserc2c69
testuserc2c70,testuserc2c70
testuserc2c71,testuserc2c71
testuserc2c72,testuserc2c72
testuserc2c73,testuserc2c73
testuserc2c74,testuserc2c74
testuserc2c75,testuserc2c75
testuserc2c76,testuserc2c76
testuserc2c77,testuserc2c77
testuserc2c78,testuserc2c78
testuserc2c79,testuserc2c79
testuserc2c80,testuserc2c80
testuserc2c81,testuserc2c81
testuserc2c82,testuserc2c82
testuserc2c83,testuserc2c83
testuserc2c84,testuserc2c84
testuserc2c85,testuserc2c85
testuserc2c86,testuserc2c86
testuserc2c87,testuserc2c87
testuserc2c88,testuserc2c88
testuserc2c89,testuserc2c89
testuserc2c90,testuserc2c90
testuserc2c91,testuserc2c91
testuserc2c92,testuserc2c92
testuserc2c93,testuserc2c93
testuserc2c94,testuserc2c94
testuserc2c95,testuserc2c95
testuserc2c96,testuserc2c96
testuserc2c97,testuserc2c97
testuserc2c98,testuserc2c98
testuserc2c99,testuserc2c99
testuserc2c100,testuserc2c100
testuserc2c101,testuserc2c101
testuserc2c102,testuserc2c102
testuserc2c103,testuserc2c103
testuserc2c104,testuserc2c104
testuserc2c105,testuserc2c105
testuserc2c106,testuserc2c106
testuserc2c107,testuserc2c107
testuserc2c108,testuserc2c108
testuserc2c109,testuserc2c109
testuserc2c110,testuserc2c110
testuserc2c111,testuserc2c111
testuserc2c112,testuserc2c112
testuserc2c113,testuserc2c113
testuserc2c114,testuserc2c114
testuserc2c115,testuserc2c115
testuserc2c116,testuserc2c116
testuserc2c117,testuserc2c117
testuserc2c118,testuserc2c118
testuserc2c119,testuserc2c119
testuserc2c120,testuserc2c120
testuserc2c121,testuserc2c121
testuserc2c122,testuserc2c122
testuserc2c123,testuserc2c123
testuserc2c124,testuserc2c124
testuserc2c125,testuserc2c125
testuserc2c126,testuserc2c126
testuserc2c127,testuserc2c127
testuserc2c128,testuserc2c128
testuserc2c129,testuserc2c129
testuserc2c130,testuserc2c130
testuserc2c131,testuserc2c131
testuserc2c132,testuserc2c132
testuserc2c133,testuserc2c133
testuserc2c134,testuserc2c134
testuserc2c135,testuserc2c135
testuserc2c136,testuserc2c136
testuserc2c137,testuserc2c137
testuserc2c138,testuserc2c138
testuserc2c139,testuserc2c139
testuserc2c140,testuserc2c140
testuserc2c141,testuserc2c141
testuserc2c142,testuserc2c142
testuserc2c143,testuserc2c143
testuserc2c144,testuserc2c144
testuserc2c145,testuserc2c145
testuserc2c146,testuserc2c146
testuserc2c147,testuserc2c147
testuserc2c148,testuserc2c148
testuserc2c149,testuserc2c149
testuserc2c150,testuserc2c150
testuserc2c151,testuserc2c151
testuserc2c152,testuserc2c152
testuserc2c153,testuserc2c153
testuserc2c154,testuserc2c154
testuserc2c155,testuserc2c155
testuserc2c156,testuserc2c156
testuserc2c157,testuserc2c157
testuserc2c158,testuserc2c158
testuserc2c159,testuserc2c159
testuserc2c160,testuserc2c160
testuserc2c161,testuserc2c161
testuserc2c162,testuserc2c162
testuserc2c163,testuserc2c163
testuserc2c164,testuserc2c164
testuserc2c165,testuserc2c165
testuserc2c166,testuserc2c166
testuserc2c167,testuserc2c167
testuserc2c168,testuserc2c168
testuserc2c169,testuserc2c169
testuserc2c170,testuserc2c170
testuserc2c171,testuserc2c171
testuserc2c172,testuserc2c172
testuserc2c173,testuserc2c173
testuserc2c174,testuserc2c174
testuserc2c175,testuserc2c175
testuserc2c176,testuserc2c176
testuserc2c177,testuserc2c177
testuserc2c178,testuserc2c178
testuserc2c179,testuserc2c179
testuserc2c180,testuserc2c180
testuserc2c181,testuserc2c181
testuserc2c182,testuserc2c182
testuserc2c183,testuserc2c183
testuserc2c184,testuserc2c184
testuserc2c185,testuserc2c185
testuserc2c186,testuserc2c186
testuserc2c187,testuserc2c187
testuserc2c188,testuserc2c188
testuserc2c189,testuserc2c189
testuserc2c190,testuserc2c190
testuserc2c191,testuserc2c191
testuserc2c192,testuserc2c192
testuserc2c193,testuserc2c193
testuserc2c194,testuserc2c194
testuserc2c195,testuserc2c195
testuserc2c196,testuserc2c196
testuserc2c197,testuserc2c197
testuserc2c198,testuserc2c198
testuserc2c199,testuserc2c199
testuserc2c200,testuserc2c200
testuserc2c201,testuserc2c201
testuserc2c202,testuserc2c202
testuserc2c203,testuserc2c203
testuserc2c204,testuserc2c204
testuserc2c205,testuserc2c205
testuserc2c206,testuserc2c206
testuserc2c207,testuserc2c207
testuserc2c208,testuserc2c208
testuserc2c209,testuserc2c209
testuserc2c210,testuserc2c210
testuserc2c211,testuserc2c211
testuserc2c212,testuserc2c212
testuserc2c213,testuserc2c213
testuserc2c214,testuserc2c214
testuserc2c215,testuserc2c215
testuserc2c216,testuserc2c216
testuserc2c217,testuserc2c217
testuserc2c218,testuserc2c218
testuserc2c219,testuserc2c219
testuserc2c220,testuserc2c220
testuserc2c221,testuserc2c221
testuserc2c222,testuserc2c222
testuserc2c223,testuserc2c223
testuserc2c224,testuserc2c224
testuserc2c225,testuserc2c225
testuserc2c226,testuserc2c226
testuserc2c227,testuserc2c227
testuserc2c228,testuserc2c228
testuserc2c229,testuserc2c229
testuserc2c230,testuserc2c230
testuserc2c231,testuserc2c231
testuserc2c232,testuserc2c232
testuserc2c233,testuserc2c233
testuserc2c234,testuserc2c234
testuserc2c235,testuserc2c235
testuserc2c236,testuserc2c236
testuserc2c237,testuserc2c237
testuserc2c238,testuserc2c238
testuserc2c239,testuserc2c239
testuserc2c240,testuserc2c240
testuserc2c241,testuserc2c241
testuserc2c242,testuserc2c242
testuserc2c243,testuserc2c243
testuserc2c244,testuserc2c244
testuserc2c245,testuserc2c245
testuserc2c246,testuserc2c246
testuserc2c247,testuserc2c247
testuserc2c248,testuserc2c248
testuserc2c249,testuserc2c249
testuserc2c250,testuserc2c250
testuserc2c251,testuserc2c251
testuserc2c252,testuserc2c252
testuserc2c253,testuserc2c253
testuserc2c254,testuserc2c254
testuserc2c255,testuserc2c255
testuserc2c256,testuserc2c256
testuserc2c257,testuserc2c257
testuserc2c258,testuserc2c258
testuserc2c259,testuserc2c259
testuserc2c260,testuserc2c260
testuserc2c261,testuserc2c261
testuserc2c262,testuserc2c262
testuserc2c263,testuserc2c263
testuserc2c264,testuserc2c264
testuserc2c265,testuserc2c265
testuserc2c266,testuserc2c266
testuserc2c267,testuserc2c267
testuserc2c268,testuserc2c268
testuserc2c269,testuserc2c269
testuserc2c270,testuserc2c270
testuserc2c271,testuserc2c271
testuserc2c272,testuserc2c272
testuserc2c273,testuserc2c273
testuserc2c274,testuserc2c274
testuserc2c275,testuserc2c275
testuserc2c276,testuserc2c276
testuserc2c277,testuserc2c277
testuserc2c278,testuserc2c278
testuserc2c279,testuserc2c279
testuserc2c280,testuserc2c280
testuserc2c281,testuserc2c281
testuserc2c282,testuserc2c282
testuserc2c283,testuserc2c283
testuserc2c284,testuserc2c284
testuserc2c285,testuserc2c285
testuserc2c286,testuserc2c286
testuserc2c287,testuserc2c287
testuserc2c288,testuserc2c288
testuserc2c289,testuserc2c289
testuserc2c290,testuserc2c290
testuserc2c291,testuserc2c291
testuserc2c292,testuserc2c292
testuserc2c293,testuserc2c293
testuserc2c294,testuserc2c294
testuserc2c295,testuserc2c295
testuserc2c296,testuserc2c296
testuserc2c297,testuserc2c297
testuserc2c298,testuserc2c298
testuserc2c299,testuserc2c299
testuserc2c300,testuserc2c300
testuserc2c301,testuserc2c301
testuserc2c302,testuserc2c302
testuserc2c303,testuserc2c303
testuserc2c304,testuserc2c304
testuserc2c305,testuserc2c305
testuserc2c306,testuserc2c306
testuserc2c307,testuserc2c307
testuserc2c308,testuserc2c308
testuserc2c309,testuserc2c309
testuserc2c310,testuserc2c310
testuserc2c311,testuserc2c311
testuserc2c312,testuserc2c312
testuserc2c313,testuserc2c313
testuserc2c314,testuserc2c314
testuserc2c315,testuserc2c315
testuserc2c316,testuserc2c316
testuserc2c317,testuserc2c317
testuserc2c318,testuserc2c318
testuserc2c319,testuserc2c319
testuserc2c320,testuserc2c320
testuserc2c321,testuserc2c321
testuserc2c322,testuserc2c322
testuserc2c323,testuserc2c323
testuserc2c324,testuserc2c324
testuserc2c325,testuserc2c325
testuserc2c326,testuserc2c326
testuserc2c327,testuserc2c327
testuserc2c328,testuserc2c328
testuserc2c329,testuserc2c329
testuserc2c330,testuserc2c330
testuserc2c331,testuserc2c331
testuserc2c332,testuserc2c332
testuserc2c333,testuserc2c333
testuserc2c334,testuserc2c334
testuserc2c335,testuserc2c335
testuserc2c336,testuserc2c336
testuserc2c337,testuserc2c337
testuserc2c338,testuserc2c338
testuserc2c339,testuserc2c339
testuserc2c340,testuserc2c340
testuserc2c341,testuserc2c341
testuserc2c342,testuserc2c342
testuserc2c343,testuserc2c343
testuserc2c344,testuserc2c344
testuserc2c345,testuserc2c345
testuserc2c346,testuserc2c346
testuserc2c347,testuserc2c347
testuserc2c348,testuserc2c348
testuserc2c349,testuserc2c349
testuserc2c350,testuserc2c350
testuserc2c351,testuserc2c351
testuserc2c352,testuserc2c352
testuserc2c353,testuserc2c353
testuserc2c354,testuserc2c354
testuserc2c355,testuserc2c355
testuserc2c356,testuserc2c356
testuserc2c357,testuserc2c357
testuserc2c358,testuserc2c358
testuserc2c359,testuserc2c359
testuserc2c360,testuserc2c360
testuserc2c361,testuserc2c361
testuserc2c362,testuserc2c362
testuserc2c363,testuserc2c363
testuserc2c364,testuserc2c364
testuserc2c365,testuserc2c365
testuserc2c366,testuserc2c366
testuserc2c367,testuserc2c367
testuserc2c368,testuserc2c368
testuserc2c369,testuserc2c369
testuserc2c370,testuserc2c370
testuserc2c371,testuserc2c371
testuserc2c372,testuserc2c372
testuserc2c373,testuserc2c373
testuserc2c374,testuserc2c374
testuserc2c375,testuserc2c375
testuserc2c376,testuserc2c376
testuserc2c377,testuserc2c377
testuserc2c378,testuserc2c378
testuserc2c379,testuserc2c379
testuserc2c380,testuserc2c380
testuserc2c381,testuserc2c381
testuserc2c382,testuserc2c382
testuserc2c383,testuserc2c383
testuserc2c384,testuserc2c384
testuserc2c385,testuserc2c385
testuserc2c386,testuserc2c386
testuserc2c387,testuserc2c387
testuserc2c388,testuserc2c388
testuserc2c389,testuserc2c389
testuserc2c390,testuserc2c390
testuserc2c391,testuserc2c391
testuserc2c392,testuserc2c392
testuserc2c393,testuserc2c393
testuserc2c394,testuserc2c394
testuserc2c395,testuserc2c395
testuserc2c396,testuserc2c396
testuserc2c397,testuserc2c397
testuserc2c398,testuserc2c398
testuserc2c399,testuserc2c399
testuserc2c400,testuserc2c400
testuserc2c401,testuserc2c401
testuserc2c402,testuserc2c402
testuserc2c403,testuserc2c403
testuserc2c404,testuserc2c404
testuserc2c405,testuserc2c405
testuserc2c406,testuserc2c406
testuserc2c407,testuserc2c407
testuserc2c408,testuserc2c408
testuserc2c409,testuserc2c409
testuserc2c410,testuserc2c410
testuserc2c411,testuserc2c411
testuserc2c412,testuserc2c412
testuserc2c413,testuserc2c413
testuserc2c414,testuserc2c414
testuserc2c415,testuserc2c415
testuserc2c416,testuserc2c416
testuserc2c417,testuserc2c417
testuserc2c418,testuserc2c418
testuserc2c419,testuserc2c419
testuserc2c420,testuserc2c420
testuserc2c421,testuserc2c421
testuserc2c422,testuserc2c422
testuserc2c423,testuserc2c423
testuserc2c424,testuserc2c424
testuserc2c425,testuserc2c425
testuserc2c426,testuserc2c426
testuserc2c427,testuserc2c427
testuserc2c428,testuserc2c428
testuserc2c429,testuserc2c429
testuserc2c430,testuserc2c430
testuserc2c431,testuserc2c431
testuserc2c432,testuserc2c432
testuserc2c433,testuserc2c433
testuserc2c434,testuserc2c434
testuserc2c435,testuserc2c435
testuserc2c436,testuserc2c436
testuserc2c437,testuserc2c437
testuserc2c438,testuserc2c438
testuserc2c439,testuserc2c439
testuserc2c440,testuserc2c440
testuserc2c441,testuserc2c441
testuserc2c442,testuserc2c442
testuserc2c443,testuserc2c443
testuserc2c444,testuserc2c444
testuserc2c445,testuserc2c445
testuserc2c446,testuserc2c446
testuserc2c447,testuserc2c447
testuserc2c448,testuserc2c448
testuserc2c449,testuserc2c449
testuserc2c450,testuserc2c450
testuserc2c451,testuserc2c451
testuserc2c452,testuserc2c452
testuserc2c453,testuserc2c453
testuserc2c454,testuserc2c454
testuserc2c455,testuserc2c455
testuserc2c456,testuserc2c456
testuserc2c457,testuserc2c457
testuserc2c458,testuserc2c458
testuserc2c459,testuserc2c459
testuserc2c460,testuserc2c460
testuserc2c461,testuserc2c461
testuserc2c462,testuserc2c462
testuserc2c463,testuserc2c463
testuserc2c464,testuserc2c464
testuserc2c465,testuserc2c465
testuserc2c466,testuserc2c466
testuserc2c467,testuserc2c467
testuserc2c468,testuserc2c468
testuserc2c469,testuserc2c469
testuserc2c470,testuserc2c470
testuserc2c471,testuserc2c471
testuserc2c472,testuserc2c472
testuserc2c473,testuserc2c473
testuserc2c474,testuserc2c474
testuserc2c475,testuserc2c475
testuserc2c476,testuserc2c476
testuserc2c477,testuserc2c477
testuserc2c478,testuserc2c478
testuserc2c479,testuserc2c479
testuserc2c480,testuserc2c480
testuserc2c481,testuserc2c481
testuserc2c482,testuserc2c482
testuserc2c483,testuserc2c483
testuserc2c484,testuserc2c484
testuserc2c485,testuserc2c485
testuserc2c486,testuserc2c486
testuserc2c487,testuserc2c487
testuserc2c488,testuserc2c488
testuserc2c489,testuserc2c489
testuserc2c490,testuserc2c490
testuserc2c491,testuserc2c491
testuserc2c492,testuserc2c492
testuserc2c493,testuserc2c493
testuserc2c494,testuserc2c494
testuserc2c495,testuserc2c495
testuserc2c496,testuserc2c496
testuserc2c497,testuserc2c497
testuserc2c498,testuserc2c498
testuserc2c499,testuserc2c499
testuserc2c500,testuserc2c500
testuserc2c501,testuserc2c501
testuserc2c502,testuserc2c502
testuserc2c503,testuserc2c503
testuserc2c504,testuserc2c504
testuserc2c505,testuserc2c505
testuserc2c506,testuserc2c506
testuserc2c507,testuserc2c507
testuserc2c508,testuserc2c508
testuserc2c509,testuserc2c509
testuserc2c510,testuserc2c510
testuserc2c511,testuserc2c511
testuserc2c512,testuserc2c512
testuserc2c513,testuserc2c513
testuserc2c514,testuserc2c514
testuserc2c515,testuserc2c515
testuserc2c516,testuserc2c516
testuserc2c517,testuserc2c517
testuserc2c518,testuserc2c518
testuserc2c519,testuserc2c519
testuserc2c520,testuserc2c520
testuserc2c521,testuserc2c521
testuserc2c522,testuserc2c522
testuserc2c523,testuserc2c523
testuserc2c524,testuserc2c524
testuserc2c525,testuserc2c525
testuserc2c526,testuserc2c526
testuserc2c527,testuserc2c527
testuserc2c528,testuserc2c528
testuserc2c529,testuserc2c529
testuserc2c530,testuserc2c530
testuserc2c531,testuserc2c531
testuserc2c532,testuserc2c532
testuserc2c533,testuserc2c533
testuserc2c534,testuserc2c534
testuserc2c535,testuserc2c535
testuserc2c536,testuserc2c536
testuserc2c537,testuserc2c537
testuserc2c538,testuserc2c538
testuserc2c539,testuserc2c539
testuserc2c540,testuserc2c540
testuserc2c541,testuserc2c541
testuserc2c542,testuserc2c542
testuserc2c543,testuserc2c543
testuserc2c544,testuserc2c544
testuserc2c545,testuserc2c545
testuserc2c546,testuserc2c546
testuserc2c547,testuserc2c547
testuserc2c548,testuserc2c548
testuserc2c549,testuserc2c549
testuserc2c550,testuserc2c550
testuserc2c551,testuserc2c551
testuserc2c552,testuserc2c552
testuserc2c553,testuserc2c553
testuserc2c554,testuserc2c554
testuserc2c555,testuserc2c555
testuserc2c556,testuserc2c556
testuserc2c557,testuserc2c557
testuserc2c558,testuserc2c558
testuserc2c559,testuserc2c559
testuserc2c560,testuserc2c560
testuserc2c561,testuserc2c561
testuserc2c562,testuserc2c562
testuserc2c563,testuserc2c563
testuserc2c564,testuserc2c564
testuserc2c565,testuserc2c565
testuserc2c566,testuserc2c566
testuserc2c567,testuserc2c567
testuserc2c568,testuserc2c568
testuserc2c569,testuserc2c569
testuserc2c570,testuserc2c570
testuserc2c571,testuserc2c571
testuserc2c572,testuserc2c572
testuserc2c573,testuserc2c573
testuserc2c574,testuserc2c574
testuserc2c575,testuserc2c575
testuserc2c576,testuserc2c576
testuserc2c577,testuserc2c577
testuserc2c578,testuserc2c578
testuserc2c579,testuserc2c579
testuserc2c580,testuserc2c580
testuserc2c581,testuserc2c581
testuserc2c582,testuserc2c582
testuserc2c583,testuserc2c583
testuserc2c584,testuserc2c584
testuserc2c585,testuserc2c585
testuserc2c586,testuserc2c586
testuserc2c587,testuserc2c587
testuserc2c588,testuserc2c588
testuserc2c589,testuserc2c589
testuserc2c590,testuserc2c590
testuserc2c591,testuserc2c591
testuserc2c592,testuserc2c592
testuserc2c593,testuserc2c593
testuserc2c594,testuserc2c594
testuserc2c595,testuserc2c595
testuserc2c596,testuserc2c596
testuserc2c597,testuserc2c597
testuserc2c598,testuserc2c598
testuserc2c599,testuserc2c599
testuserc2c600,testuserc2c600
testuserc2c601,testuserc2c601
testuserc2c602,testuserc2c602
testuserc2c603,testuserc2c603
testuserc2c604,testuserc2c604
testuserc2c605,testuserc2c605
testuserc2c606,testuserc2c606
testuserc2c607,testuserc2c607
testuserc2c608,testuserc2c608
testuserc2c609,testuserc2c609
testuserc2c610,testuserc2c610
testuserc2c611,testuserc2c611
testuserc2c612,testuserc2c612
testuserc2c613,testuserc2c613
testuserc2c614,testuserc2c614
testuserc2c615,testuserc2c615
testuserc2c616,testuserc2c616
testuserc2c617,testuserc2c617
testuserc2c618,testuserc2c618
testuserc2c619,testuserc2c619
testuserc2c620,testuserc2c620
testuserc2c621,testuserc2c621
testuserc2c622,testuserc2c622
testuserc2c623,testuserc2c623
testuserc2c624,testuserc2c624
testuserc2c625,testuserc2c625
testuserc2c626,testuserc2c626
testuserc2c627,testuserc2c627
testuserc2c628,testuserc2c628
testuserc2c629,testuserc2c629
testuserc2c630,testuserc2c630
testuserc2c631,testuserc2c631
testuserc2c632,testuserc2c632
testuserc2c633,testuserc2c633
testuserc2c634,testuserc2c634
testuserc2c635,testuserc2c635
testuserc2c636,testuserc2c636
testuserc2c637,testuserc2c637
testuserc2c638,testuserc2c638
testuserc2c639,testuserc2c639
testuserc2c640,testuserc2c640
testuserc2c641,testuserc2c641
testuserc2c642,testuserc2c642
testuserc2c643,testuserc2c643
testuserc2c644,testuserc2c644
testuserc2c645,testuserc2c645
testuserc2c646,testuserc2c646
testuserc2c647,testuserc2c647
testuserc2c648,testuserc2c648
testuserc2c649,testuserc2c649
testuserc2c650,testuserc2c650
testuserc2c651,testuserc2c651
testuserc2c652,testuserc2c652
testuserc2c653,testuserc2c653
testuserc2c654,testuserc2c654
testuserc2c655,testuserc2c655
testuserc2c656,testuserc2c656
testuserc2c657,testuserc2c657
testuserc2c658,testuserc2c658
testuserc2c659,testuserc2c659
testuserc2c660,testuserc2c660
testuserc2c661,testuserc2c661
testuserc2c662,testuserc2c662
testuserc2c663,testuserc2c663
testuserc2c664,testuserc2c664
testuserc2c665,testuserc2c665
testuserc2c666,testuserc2c666
testuserc2c667,testuserc2c667
testuserc2c668,testuserc2c668
testuserc2c669,testuserc2c669
testuserc2c670,testuserc2c670
testuserc2c671,testuserc2c671
testuserc2c672,testuserc2c672
testuserc2c673,testuserc2c673
testuserc2c674,testuserc2c674
testuserc2c675,testuserc2c675
testuserc2c676,testuserc2c676
testuserc2c677,testuserc2c677
testuserc2c678,testuserc2c678
testuserc2c679,testuserc2c679
testuserc2c680,testuserc2c680
testuserc2c681,testuserc2c681
testuserc2c682,testuserc2c682
testuserc2c683,testuserc2c683
testuserc2c684,testuserc2c684
testuserc2c685,testuserc2c685
testuserc2c686,testuserc2c686
testuserc2c687,testuserc2c687
testuserc2c688,testuserc2c688
testuserc2c689,testuserc2c689
testuserc2c690,testuserc2c690
testuserc2c691,testuserc2c691
testuserc2c692,testuserc2c692
testuserc2c693,testuserc2c693
testuserc2c694,testuserc2c694
testuserc2c695,testuserc2c695
testuserc2c696,testuserc2c696
testuserc2c697,testuserc2c697
testuserc2c698,testuserc2c698
testuserc2c699,testuserc2c699
testuserc2c700,testuserc2c700
testuserc2c701,testuserc2c701
testuserc2c702,testuserc2c702
testuserc2c703,testuserc2c703
testuserc2c704,testuserc2c704
testuserc2c705,testuserc2c705
testuserc2c706,testuserc2c706
testuserc2c707,testuserc2c707
testuserc2c708,testuserc2c708
testuserc2c709,testuserc2c709
testuserc2c710,testuserc2c710
testuserc2c711,testuserc2c711
testuserc2c712,testuserc2c712
testuserc2c713,testuserc2c713
testuserc2c714,testuserc2c714
testuserc2c715,testuserc2c715
testuserc2c716,testuserc2c716
testuserc2c717,testuserc2c717
testuserc2c718,testuserc2c718
testuserc2c719,testuserc2c719
testuserc2c720,testuserc2c720
testuserc2c721,testuserc2c721
testuserc2c722,testuserc2c722
testuserc2c723,testuserc2c723
testuserc2c724,testuserc2c724
testuserc2c725,testuserc2c725
testuserc2c726,testuserc2c726
testuserc2c727,testuserc2c727
testuserc2c728,testuserc2c728
testuserc2c729,testuserc2c729
testuserc2c730,testuserc2c730
testuserc2c731,testuserc2c731
testuserc2c732,testuserc2c732
testuserc2c733,testuserc2c733
testuserc2c734,testuserc2c734
testuserc2c735,testuserc2c735
testuserc2c736,testuserc2c736
testuserc2c737,testuserc2c737
testuserc2c738,testuserc2c738
testuserc2c739,testuserc2c739
testuserc2c740,testuserc2c740
testuserc2c741,testuserc2c741
testuserc2c742,testuserc2c742
testuserc2c743,testuserc2c743
testuserc2c744,testuserc2c744
testuserc2c745,testuserc2c745
testuserc2c746,testuserc2c746
testuserc2c747,testuserc2c747
testuserc2c748,testuserc2c748
testuserc2c749,testuserc2c749
testuserc2c750,testuserc2c750
testuserc2c751,testuserc2c751
testuserc2c752,testuserc2c752
testuserc2c753,testuserc2c753
testuserc2c754,testuserc2c754
testuserc2c755,testuserc2c755
testuserc2c756,testuserc2c756
testuserc2c757,testuserc2c757
testuserc2c758,testuserc2c758
testuserc2c759,testuserc2c759
testuserc2c760,testuserc2c760
testuserc2c761,testuserc2c761
testuserc2c762,testuserc2c762
testuserc2c763,testuserc2c763
testuserc2c764,testuserc2c764
testuserc2c765,testuserc2c765
testuserc2c766,testuserc2c766
testuserc2c767,testuserc2c767
testuserc2c768,testuserc2c768
testuserc2c769,testuserc2c769
testuserc2c770,testuserc2c770
testuserc2c771,testuserc2c771
testuserc2c772,testuserc2c772
testuserc2c773,testuserc2c773
testuserc2c774,testuserc2c774
testuserc2c775,testuserc2c775
testuserc2c776,testuserc2c776
testuserc2c777,testuserc2c777
testuserc2c778,testuserc2c778
testuserc2c779,testuserc2c779
testuserc2c780,testuserc2c780
testuserc2c781,testuserc2c781
testuserc2c782,testuserc2c782
testuserc2c783,testuserc2c783
testuserc2c784,testuserc2c784
testuserc2c785,testuserc2c785
testuserc2c786,testuserc2c786
testuserc2c787,testuserc2c787
testuserc2c788,testuserc2c788
testuserc2c789,testuserc2c789
testuserc2c790,testuserc2c790
testuserc2c791,testuserc2c791
testuserc2c792,testuserc2c792
testuserc2c793,testuserc2c793
testuserc2c794,testuserc2c794
testuserc2c795,testuserc2c795
testuserc2c796,testuserc2c796
testuserc2c797,testuserc2c797
testuserc2c798,testuserc2c798
testuserc2c799,testuserc2c799
testuserc2c800,testuserc2c800
testuserc2c801,testuserc2c801
testuserc2c802,testuserc2c802
testuserc2c803,testuserc2c803
testuserc2c804,testuserc2c804
testuserc2c805,testuserc2c805
testuserc2c806,testuserc2c806
testuserc2c807,testuserc2c807
testuserc2c808,testuserc2c808
testuserc2c809,testuserc2c809
testuserc2c810,testuserc2c810
testuserc2c811,testuserc2c811
testuserc2c812,testuserc2c812
testuserc2c813,testuserc2c813
testuserc2c814,testuserc2c814
testuserc2c815,testuserc2c815
testuserc2c816,testuserc2c816
testuserc2c817,testuserc2c817
testuserc2c818,testuserc2c818
testuserc2c819,testuserc2c819
testuserc2c820,testuserc2c820
testuserc2c821,testuserc2c821
testuserc2c822,testuserc2c822
testuserc2c823,testuserc2c823
testuserc2c824,testuserc2c824
testuserc2c825,testuserc2c825
testuserc2c826,testuserc2c826
testuserc2c827,testuserc2c827
testuserc2c828,testuserc2c828
testuserc2c829,testuserc2c829
testuserc2c830,testuserc2c830
testuserc2c831,testuserc2c831
testuserc2c832,testuserc2c832
testuserc2c833,testuserc2c833
testuserc2c834,testuserc2c834
testuserc2c835,testuserc2c835
testuserc2c836,testuserc2c836
testuserc2c837,testuserc2c837
testuserc2c838,testuserc2c838
testuserc2c839,testuserc2c839
testuserc2c840,testuserc2c840
testuserc2c841,testuserc2c841
testuserc2c842,testuserc2c842
testuserc2c843,testuserc2c843
testuserc2c844,testuserc2c844
testuserc2c845,testuserc2c845
testuserc2c846,testuserc2c846
testuserc2c847,testuserc2c847
testuserc2c848,testuserc2c848
testuserc2c849,testuserc2c849
testuserc2c850,testuserc2c850
testuserc2c851,testuserc2c851
testuserc2c852,testuserc2c852
testuserc2c853,testuserc2c853
testuserc2c854,testuserc2c854
testuserc2c855,testuserc2c855
testuserc2c856,testuserc2c856
testuserc2c857,testuserc2c857
testuserc2c858,testuserc2c858
testuserc2c859,testuserc2c859
testuserc2c860,testuserc2c860
testuserc2c861,testuserc2c861
testuserc2c862,testuserc2c862
testuserc2c863,testuserc2c863
testuserc2c864,testuserc2c864
testuserc2c865,testuserc2c865
testuserc2c866,testuserc2c866
testuserc2c867,testuserc2c867
testuserc2c868,testuserc2c868
testuserc2c869,testuserc2c869
testuserc2c870,testuserc2c870
testuserc2c871,testuserc2c871
testuserc2c872,testuserc2c872
testuserc2c873,testuserc2c873
testuserc2c874,testuserc2c874
testuserc2c875,testuserc2c875
testuserc2c876,testuserc2c876
testuserc2c877,testuserc2c877
testuserc2c878,testuserc2c878
testuserc2c879,testuserc2c879
testuserc2c880,testuserc2c880
testuserc2c881,testuserc2c881
testuserc2c882,testuserc2c882
testuserc2c883,testuserc2c883
testuserc2c884,testuserc2c884
testuserc2c885,testuserc2c885
testuserc2c886,testuserc2c886
testuserc2c887,testuserc2c887
testuserc2c888,testuserc2c888
testuserc2c889,testuserc2c889
testuserc2c890,testuserc2c890
testuserc2c891,testuserc2c891
testuserc2c892,testuserc2c892
testuserc2c893,testuserc2c893
testuserc2c894,testuserc2c894
testuserc2c895,testuserc2c895
testuserc2c896,testuserc2c896
testuserc2c897,testuserc2c897
testuserc2c898,testuserc2c898
testuserc2c899,testuserc2c899
testuserc2c900,testuserc2c900
testuserc2c901,testuserc2c901
testuserc2c902,testuserc2c902
testuserc2c903,testuserc2c903
testuserc2c904,testuserc2c904
testuserc2c905,testuserc2c905
testuserc2c906,testuserc2c906
testuserc2c907,testuserc2c907
testuserc2c908,testuserc2c908
testuserc2c909,testuserc2c909
testuserc2c910,testuserc2c910
testuserc2c911,testuserc2c911
testuserc2c912,testuserc2c912
testuserc2c913,testuserc2c913
testuserc2c914,testuserc2c914
testuserc2c915,testuserc2c915
testuserc2c916,testuserc2c916
testuserc2c917,testuserc2c917
testuserc2c918,testuserc2c918
testuserc2c919,testuserc2c919
testuserc2c920,testuserc2c920
testuserc2c921,testuserc2c921
testuserc2c922,testuserc2c922
testuserc2c923,testuserc2c923
testuserc2c924,testuserc2c924
testuserc2c925,testuserc2c925
testuserc2c926,testuserc2c926
testuserc2c927,testuserc2c927
testuserc2c928,testuserc2c928
testuserc2c929,testuserc2c929
testuserc2c930,testuserc2c930
testuserc2c931,testuserc2c931
testuserc2c932,testuserc2c932
testuserc2c933,testuserc2c933
testuserc2c934,testuserc2c934
testuserc2c935,testuserc2c935
testuserc2c936,testuserc2c936
testuserc2c937,testuserc2c937
testuserc2c938,testuserc2c938
testuserc2c939,testuserc2c939
testuserc2c940,testuserc2c940
testuserc2c941,testuserc2c941
testuserc2c942,testuserc2c942
testuserc2c943,testuserc2c943
testuserc2c944,testuserc2c944
testuserc2c945,testuserc2c945
testuserc2c946,testuserc2c946
testuserc2c947,testuserc2c947
testuserc2c948,testuserc2c948
testuserc2c949,testuserc2c949
testuserc2c950,testuserc2c950
testuserc2c951,testuserc2c951
testuserc2c952,testuserc2c952
testuserc2c953,testuserc2c953
testuserc2c954,testuserc2c954
testuserc2c955,testuserc2c955
testuserc2c956,testuserc2c956
testuserc2c957,testuserc2c957
testuserc2c958,testuserc2c958
testuserc2c959,testuserc2c959
testuserc2c960,testuserc2c960
testuserc2c961,testuserc2c961
testuserc2c962,testuserc2c962
testuserc2c963,testuserc2c963
testuserc2c964,testuserc2c964
testuserc2c965,testuserc2c965
testuserc2c966,testuserc2c966
testuserc2c967,testuserc2c967
testuserc2c968,testuserc2c968
testuserc2c969,testuserc2c969
testuserc2c970,testuserc2c970
testuserc2c971,testuserc2c971
testuserc2c972,testuserc2c972
testuserc2c973,testuserc2c973
testuserc2c974,testuserc2c974
testuserc2c975,testuserc2c975
testuserc2c976,testuserc2c976
testuserc2c977,testuserc2c977
testuserc2c978,testuserc2c978
testuserc2c979,testuserc2c979
testuserc2c980,testuserc2c980
testuserc2c981,testuserc2c981
testuserc2c982,testuserc2c982
testuserc2c983,testuserc2c983
testuserc2c984,testuserc2c984
testuserc2c985,testuserc2c985
testuserc2c986,testuserc2c986
testuserc2c987,testuserc2c987
testuserc2c988,testuserc2c988
testuserc2c989,testuserc2c989
testuserc2c990,testuserc2c990
testuserc2c991,testuserc2c991
testuserc2c992,testuserc2c992
testuserc2c993,testuserc2c993
testuserc2c994,testuserc2c994
testuserc2c995,testuserc2c995
testuserc2c996,testuserc2c996
testuserc2c997,testuserc2c997
testuserc2c998,testuserc2c998
testuserc2c999,testuserc2c999
testuserc2c1000,testuserc2c1000
